bag_path,timestamp_abs,timestamp_rel,label,event_id,event_name,scenario,label_notes,gnn_score,msvdd_score,ae_score,svm_score,cmd_vel_linear_x,cmd_vel_angular_z,imu_accel_x,imu_accel_y,imu_gyro_z,odom_linear_x,odom_angular_z,imu_orientation_z
estop_push_robot/rosbag2_2026_03_18-09_53_03,1773827585.7950456,0.0,0,,,estop_push_robot,,,0.044496965,0.08598123,-0.41013318,0.97435856,0.0,0.08850685,0.17119265,0.0015296043,2.8082553e-05,0.00022624979,0.0099261645
estop_push_robot/rosbag2_2026_03_18-09_53_03,1773827585.8950455,0.09999990463256836,0,,,estop_push_robot,,,0.07789482,0.27650857,0.00021329896,0.97435856,0.0,-0.115630314,0.056974262,0.00066533685,2.5869525e-05,7.153513e-05,0.009604525
estop_push_robot/rosbag2_2026_03_18-09_53_03,1773827585.9950454,0.19999980926513672,0,,,estop_push_robot,,,0.057193756,0.15679806,-0.24933393,0.97435856,0.0,0.07021094,-0.023804408,0.009655208,0.027046904,-6.875634e-05,0.009678427
estop_push_robot/rosbag2_2026_03_18-09_53_03,1773827586.0950453,0.2999997138977051,0,,,estop_push_robot,,,0.07274639,0.13949353,-0.29790378,0.97435856,0.0,1.0093257,-0.30758166,0.0038899484,0.05943704,-5.2067273e-05,0.009902116
estop_push_robot/rosbag2_2026_03_18-09_53_03,1773827586.1950452,0.39999961853027344,0,,,estop_push_robot,,,0.05659374,0.0504319,-0.7655184,0.97435856,0.0,0.40705362,-0.09497543,0.005971641,0.1397887,-0.00097226386,0.011715175
estop_push_robot/rosbag2_2026_03_18-09_53_03,1773827586.2950451,0.4999995231628418,0,,,estop_push_robot,,,0.056013286,0.076389894,-0.62626684,0.97435856,0.0,0.2625269,0.022111824,0.011823326,0.18825142,-0.0017332525,0.011779955
estop_push_robot/rosbag2_2026_03_18-09_53_03,1773827586.395045,0.5999994277954102,0,,,estop_push_robot,,,0.04908706,0.028510764,-0.9305055,0.97435856,0.0,0.7334951,0.21516345,-0.002583861,0.23223616,-0.004391729,0.014757803
estop_push_robot/rosbag2_2026_03_18-09_53_03,1773827586.495045,0.6999993324279785,0,,,estop_push_robot,,,0.04848854,0.024656642,-0.9298346,0.97435856,0.0,0.4483165,-0.08481108,0.004672258,0.28725097,-0.0012595097,0.012692521
estop_push_robot/rosbag2_2026_03_18-09_53_03,1773827586.5950449,0.7999992370605469,0,,,estop_push_robot,,,0.048510805,0.026032304,-0.90778536,0.97435856,0.0,0.4660164,0.54547095,0.0025846066,0.3420048,-0.0015495536,0.016709603
estop_push_robot/rosbag2_2026_03_18-09_53_03,1773827586.6950448,0.8999991416931152,0,,,estop_push_robot,,,0.049703844,0.03328362,-0.8540083,0.97435856,0.0,0.5619119,0.045370106,0.00024065375,0.38643217,-0.0020451492,0.015378071
estop_push_robot/rosbag2_2026_03_18-09_53_03,1773827586.7950447,0.9999990463256836,0,,,estop_push_robot,,,0.0478061,0.047246452,-0.82692516,0.97435856,0.0,0.32204026,0.12898438,0.0049121683,0.434568,-0.0008344724,0.013608617
estop_push_robot/rosbag2_2026_03_18-09_53_03,1773827586.8950446,1.099998950958252,0,,,estop_push_robot,,,0.046808816,0.09489823,-0.57921076,0.97435856,0.0,0.31504086,0.41187042,0.0023536386,0.4894783,-0.0047601215,0.017785512
estop_push_robot/rosbag2_2026_03_18-09_53_03,1773827586.9950445,1.1999988555908203,0,,,estop_push_robot,,,0.04628233,0.14946218,-0.272557,0.97435856,0.0,0.45278046,0.04645254,0.0038154426,0.53979367,-0.0014749176,0.014713846
estop_push_robot/rosbag2_2026_03_18-09_53_03,1773827587.0950444,1.2999987602233887,0,,,estop_push_robot,,,0.054195285,0.07972629,-0.4208531,0.97435856,0.0,0.4159894,0.63442904,0.00065639603,0.58403033,-0.00011857709,0.013941931
estop_push_robot/rosbag2_2026_03_18-09_53_03,1773827587.1950443,1.399998664855957,0,,,estop_push_robot,,,0.049121432,0.100657456,-0.3880847,0.97435856,0.0,0.09039631,-0.14935586,0.004156679,0.6451874,0.0023170921,0.012354675
estop_push_robot/rosbag2_2026_03_18-09_53_03,1773827587.2950442,1.4999985694885254,0,,,estop_push_robot,,,0.050838336,0.17206456,-0.08922404,0.97435856,0.0,0.31015715,-0.5269384,0.0071398914,0.6860072,-1.6480333e-05,0.0127015365
estop_push_robot/rosbag2_2026_03_18-09_53_03,1773827587.395044,1.5999984741210938,0,,,estop_push_robot,,,0.06097068,0.04518856,-0.52777636,0.97435856,0.0,0.9472901,0.80701184,0.0019885595,0.7386282,-0.0007163781,0.014928929
estop_push_robot/rosbag2_2026_03_18-09_53_03,1773827587.495044,1.699998378753662,0,,,estop_push_robot,,,0.063688144,0.051885143,-0.31655648,0.97435856,0.0,0.41234475,-0.71955955,-0.010560453,0.7989509,0.0051268684,0.012619817
estop_push_robot/rosbag2_2026_03_18-09_53_03,1773827587.595044,1.7999982833862305,0,,,estop_push_robot,,,0.06544027,0.03138977,-0.4157433,0.97435856,0.0,0.44784686,-0.16244255,0.006449969,0.8396819,0.0050198366,0.010901748
estop_push_robot/rosbag2_2026_03_18-09_53_03,1773827587.6950438,1.8999981880187988,0,,,estop_push_robot,,,0.072536215,0.03731701,-0.3167734,0.97435856,0.0,0.588948,0.31546444,0.0009603798,0.88674235,0.0007516992,0.015107198
estop_push_robot/rosbag2_2026_03_18-09_53_03,1773827587.7950437,1.9999980926513672,0,,,estop_push_robot,,0.056336544,0.065599754,0.03147412,-0.49978298,0.97435856,0.0,-0.12154122,-0.41434696,-0.017042458,0.9391253,0.0013633145,0.014157503
estop_push_robot/rosbag2_2026_03_18-09_53_03,1773827587.8950436,2.0999979972839355,0,,,estop_push_robot,,0.24355534,0.06876852,0.056223046,-0.33390287,0.97435856,0.0,0.08418214,-1.3137666,-0.014677647,0.9865674,0.005904816,0.008583148
estop_push_robot/rosbag2_2026_03_18-09_53_03,1773827587.9950435,2.199997901916504,0,,,estop_push_robot,,0.09519164,0.069049135,0.039631464,-0.6594162,0.97435856,0.0,-0.58581775,0.05311875,0.0056751072,0.9717801,0.01248199,0.008905441
estop_push_robot/rosbag2_2026_03_18-09_53_03,1773827588.0950434,2.2999978065490723,0,,,estop_push_robot,,0.055719197,0.07325668,0.0349363,-0.60629094,0.97435856,0.0,0.014359807,0.1358088,-0.007578731,0.9747659,0.009462159,0.007444466
estop_push_robot/rosbag2_2026_03_18-09_53_03,1773827588.1950433,2.3999977111816406,0,,,estop_push_robot,,0.111278564,0.08009128,0.04835884,-0.4857616,0.97435856,0.0,-0.47492135,0.62369525,0.0032283368,0.989571,0.008092837,0.0071953055
estop_push_robot/rosbag2_2026_03_18-09_53_03,1773827588.2950432,2.499997615814209,0,,,estop_push_robot,,0.028427117,0.08490853,0.053947847,-0.37040555,0.97435856,0.0,0.2168513,0.05380524,-0.021609666,0.97560596,0.0035302897,0.010112904
estop_push_robot/rosbag2_2026_03_18-09_53_03,1773827588.3950431,2.5999975204467773,0,,,estop_push_robot,,0.029715814,0.08961439,0.03353172,-0.36350983,0.97435856,0.0,-0.3852657,-0.025091676,-0.004886091,0.9763565,0.008711691,0.005391967
estop_push_robot/rosbag2_2026_03_18-09_53_03,1773827588.495043,2.6999974250793457,0,,,estop_push_robot,,0.11660536,0.09292278,0.029175097,-0.31042707,0.97435856,0.0,-0.24602161,1.0698324,-0.00021755695,0.9763223,0.007879841,0.008441753
estop_push_robot/rosbag2_2026_03_18-09_53_03,1773827588.595043,2.799997329711914,0,,,estop_push_robot,,0.06295095,0.09580986,0.032309018,-0.26683697,0.97435856,0.0,0.21821861,-0.52592444,0.013973565,0.96147513,0.008499515,0.0031511597
estop_push_robot/rosbag2_2026_03_18-09_53_03,1773827588.6950428,2.8999972343444824,0,,,estop_push_robot,,0.040331975,0.092302695,0.07413785,-0.21826589,0.97435856,0.0,-0.30735666,0.5779557,-0.010031463,0.99534774,0.0050930614,0.008486647
estop_push_robot/rosbag2_2026_03_18-09_53_03,1773827588.7950428,2.999997138977051,0,,,estop_push_robot,,0.062859245,0.09611233,0.06327103,-0.16251898,0.97435856,0.0,0.060031306,-0.60377717,-0.007790327,0.97226584,0.008249509,0.007924306
estop_push_robot/rosbag2_2026_03_18-09_53_03,1773827588.8950427,3.099997043609619,0,,,estop_push_robot,,0.07031901,0.09715949,0.054677524,-0.15381753,0.97435856,0.0,-0.46927744,0.7385193,0.0027768312,0.9768229,0.013189619,0.0042936555
estop_push_robot/rosbag2_2026_03_18-09_53_03,1773827588.9950426,3.1999969482421875,0,,,estop_push_robot,,0.035337806,0.0986785,0.053033073,-0.05071667,0.97435856,0.0,-0.49310344,0.49430877,-0.02295226,0.97816414,0.0055814986,0.010420615
estop_push_robot/rosbag2_2026_03_18-09_53_03,1773827589.0950425,3.299996852874756,0,,,estop_push_robot,,0.1370644,0.100513265,0.053701527,-0.067184806,0.97435856,0.0,0.43149954,-0.8486336,0.011930615,0.96671474,0.009202268,0.0020139983
estop_push_robot/rosbag2_2026_03_18-09_53_03,1773827589.1950424,3.399996757507324,0,,,estop_push_robot,,0.36197227,0.09568885,0.056665152,-0.27941737,0.97435856,0.0,0.88113195,1.6246154,-0.02166033,0.975148,0.008804854,0.00526823
estop_push_robot/rosbag2_2026_03_18-09_53_03,1773827589.2950423,3.4999966621398926,0,,,estop_push_robot,,0.13437225,0.093135215,0.07465475,-0.33517328,0.97435856,0.0,0.25927624,-0.75181943,0.02262071,0.9951187,0.016623722,0.003285986
estop_push_robot/rosbag2_2026_03_18-09_53_03,1773827589.3950422,3.599996566772461,0,,,estop_push_robot,,0.5972993,0.07624353,0.192058,-0.42941812,0.97435856,0.0,-1.9064497,-0.3076107,0.015117974,0.9329939,0.012328229,0.003080366
estop_push_robot/rosbag2_2026_03_18-09_53_03,1773827589.495042,3.6999964714050293,0,,,estop_push_robot,,0.1637384,0.07613079,0.19878809,-0.41914552,0.97435856,0.0,-1.1892058,0.3344464,0.0006593764,0.9292739,0.008334893,0.007191231
estop_push_robot/rosbag2_2026_03_18-09_53_03,1773827589.595042,3.7999963760375977,0,,,estop_push_robot,,0.26007664,0.080596775,0.2361032,-0.27111998,0.97435856,0.0,-1.9881322,-0.7658968,0.00068172824,0.92916703,0.008147636,0.004662771
estop_push_robot/rosbag2_2026_03_18-09_53_03,1773827589.695042,3.899996280670166,0,,,estop_push_robot,,0.02295286,0.08122078,0.2419007,-0.2547053,0.97435856,0.0,-1.0176778,0.40853816,0.0027902424,0.92909294,0.0065879123,0.0034908282
estop_push_robot/rosbag2_2026_03_18-09_53_03,1773827589.7950418,3.9999961853027344,0,,,estop_push_robot,,0.06985722,0.08238408,0.246166,-0.23710316,0.97435856,0.0,-1.197137,0.25661623,-0.009816887,0.92900914,0.001233422,0.006289005
estop_push_robot/rosbag2_2026_03_18-09_53_03,1773827589.8950417,4.099996089935303,0,,,estop_push_robot,,0.001995918,0.08310591,0.2584509,-0.19065312,0.97435856,0.0,-1.2451711,-0.20118086,0.004448742,0.928936,0.0044691223,-0.00028250326
estop_push_robot/rosbag2_2026_03_18-09_53_03,1773827589.9950416,4.199995994567871,0,,,estop_push_robot,,0.0015381633,0.08162439,0.2632021,-0.17203584,0.97435856,0.0,-0.82921255,0.1225676,0.0031732023,0.92886084,0.001967773,0.0033445233
estop_push_robot/rosbag2_2026_03_18-09_53_03,1773827590.0950415,4.2999958992004395,0,,,estop_push_robot,,0.014906742,0.07994378,0.26186797,-0.15743999,0.97435856,0.0,-0.6302909,-0.13758713,-0.0015825037,0.9288013,0.0015796452,-9.936893e-05
estop_push_robot/rosbag2_2026_03_18-09_53_03,1773827590.1950414,4.399995803833008,0,,,estop_push_robot,,0.027714642,0.0702472,0.2639199,-0.0051538576,0.97435856,0.0,-0.25976458,0.38288218,0.005631894,0.92868865,0.0011910989,0.0023119044
estop_push_robot/rosbag2_2026_03_18-09_53_03,1773827590.2950413,4.499995708465576,0,,,estop_push_robot,,0.029048167,0.092136994,0.09972792,-0.0002829386,0.97435856,0.0,0.013847857,0.1371748,0.0020675363,0.9286789,0.0016640732,0.002737118
estop_push_robot/rosbag2_2026_03_18-09_53_03,1773827590.3950412,4.5999956130981445,0,,,estop_push_robot,,0.04693134,0.106796324,0.07367364,-0.084014125,0.97435856,0.0,0.19855657,0.14671858,-0.0019922853,0.92863435,0.0030927502,0.0044036224
estop_push_robot/rosbag2_2026_03_18-09_53_03,1773827590.4950411,4.699995517730713,1,estop_push_robot_01,estop_push_robot,estop_push_robot,,0.07460752,0.11132087,0.066138424,-0.11983211,0.97435856,0.0,0.32193115,0.19213177,-0.001385808,0.9285872,0.0010052234,0.0064427815
estop_push_robot/rosbag2_2026_03_18-09_53_03,1773827590.595041,4.799995422363281,1,estop_push_robot_01,estop_push_robot,estop_push_robot,,0.026971376,0.10943894,0.051590417,-0.17478845,0.97435856,0.0,0.19700974,0.10864342,0.0018216672,0.92853445,0.0007596916,0.008202369
estop_push_robot/rosbag2_2026_03_18-09_53_03,1773827590.695041,4.89999532699585,1,estop_push_robot_01,estop_push_robot,estop_push_robot,,0.0035892795,0.10961372,0.050991822,-0.16465878,0.97435856,0.0,0.06029735,0.29841372,0.00049993396,0.92851025,-0.00013385536,0.008760874
estop_push_robot/rosbag2_2026_03_18-09_53_03,1773827590.7950408,4.999995231628418,1,estop_push_robot_01,estop_push_robot,estop_push_robot,,0.0035914425,0.107844956,0.05114785,-0.1401694,0.97435856,0.0,0.19303316,0.097185686,0.0032730396,0.928466,0.0002623214,0.008896205
estop_push_robot/rosbag2_2026_03_18-09_53_03,1773827590.8950408,5.099995136260986,1,estop_push_robot_01,estop_push_robot,estop_push_robot,,0.014097386,0.10386423,0.06455661,0.008833767,0.97435856,0.0,0.013253675,0.043990254,0.0035397708,0.92843044,1.74295e-05,0.008503729
estop_push_robot/rosbag2_2026_03_18-09_53_03,1773827590.9950407,5.199995040893555,1,estop_push_robot_01,estop_push_robot,estop_push_robot,,0.0033893422,0.09777584,0.050160162,0.020943869,0.97435856,0.0,0.12868187,0.211416,-0.0010117888,0.9283996,0.00024131824,0.008823995
estop_push_robot/rosbag2_2026_03_18-09_53_03,1773827591.0950406,5.299994945526123,1,estop_push_robot_01,estop_push_robot,estop_push_robot,,0.0052536814,0.09055188,0.040867526,0.030519648,0.97435856,0.0,0.13256294,0.017886233,0.0030718744,0.92836857,0.0002924608,0.008655826
estop_push_robot/rosbag2_2026_03_18-09_53_03,1773827591.1950405,5.399994850158691,1,estop_push_robot_01,estop_push_robot,estop_push_robot,,0.005913783,0.100737736,0.091885865,0.17814457,0.97435856,0.0,-0.032280818,-0.002854033,0.002770871,0.9283265,0.00029814293,0.008296805
estop_push_robot/rosbag2_2026_03_18-09_53_03,1773827591.2950404,5.49999475479126,1,estop_push_robot_01,estop_push_robot,estop_push_robot,,0.02272604,0.10534012,0.114845976,0.25739282,0.97435856,0.0,0.20088269,0.15312436,-0.0011861325,0.9283143,0.00074308197,0.008534208
estop_push_robot/rosbag2_2026_03_18-09_53_03,1773827591.3950403,5.599994659423828,1,estop_push_robot_01,estop_push_robot,estop_push_robot,,0.027108613,0.10052265,0.09497064,0.16008332,0.97435856,0.0,0.11845655,0.011977582,0.0019453467,0.9282923,0.0007702753,0.008269838
estop_push_robot/rosbag2_2026_03_18-09_53_03,1773827591.4950402,5.6999945640563965,1,estop_push_robot_01,estop_push_robot,estop_push_robot,,0.013842184,0.09654663,0.07516381,0.080306694,0.97435856,0.0,-0.030636054,-0.03861657,0.0011824071,0.9282707,0.0005590901,0.008065308
estop_push_robot/rosbag2_2026_03_18-09_53_03,1773827591.59504,5.799994468688965,1,estop_push_robot_01,estop_push_robot,estop_push_robot,,0.028436832,0.09377894,0.047644403,0.059991058,0.97435856,0.0,0.151791,0.17659254,0.002152473,0.92824006,0.000651324,0.00835685
estop_push_robot/rosbag2_2026_03_18-09_53_03,1773827591.69504,5.899994373321533,1,estop_push_robot_01,estop_push_robot,estop_push_robot,,0.020291384,0.09523394,0.05961837,0.09637912,0.97435856,0.0,0.10007347,0.0347953,0.0017173588,0.9282298,-0.00024997565,0.008410787
estop_push_robot/rosbag2_2026_03_18-09_53_03,1773827591.79504,5.999994277954102,1,estop_push_robot_01,estop_push_robot,estop_push_robot,,0.0109725045,0.09414178,0.04946448,0.10017158,0.97435856,0.0,0.037934165,0.15961565,0.0016368928,0.92820764,8.1119295e-05,0.0084514385
estop_push_robot/rosbag2_2026_03_18-09_53_03,1773827591.8950398,6.09999418258667,1,estop_push_robot_01,estop_push_robot,estop_push_robot,,0.02519163,0.093102224,0.043530453,0.076440625,0.97435856,0.0,0.19092977,0.2228607,0.001976639,0.9281786,-0.00031318062,0.008896168
estop_push_robot/rosbag2_2026_03_18-09_53_03,1773827591.9950397,6.199994087219238,1,estop_push_robot_01,estop_push_robot,estop_push_robot,,0.0051372964,0.095284335,0.060892988,0.08130211,0.97435856,0.0,-0.0480993,0.011002208,0.0017233194,0.9281658,-2.7423777e-05,0.008490796
estop_push_robot/rosbag2_2026_03_18-09_53_03,1773827592.0950396,6.299993991851807,1,estop_push_robot_01,estop_push_robot,estop_push_robot,,0.007937949,0.09420777,0.05107651,0.06305081,0.97435856,0.0,0.06823685,0.21507578,-0.002063811,0.9281699,0.00031582735,0.008533456
estop_push_robot/rosbag2_2026_03_18-09_53_03,1773827592.1950395,6.399993896484375,1,estop_push_robot_01,estop_push_robot,estop_push_robot,,0.008134089,0.09790322,0.08655328,0.113001026,0.97435856,0.0,0.0059924605,0.15431026,0.0009380281,0.9281516,0.00025404108,0.008458824
estop_push_robot/rosbag2_2026_03_18-09_53_03,1773827592.2950394,6.499993801116943,1,estop_push_robot_01,estop_push_robot,estop_push_robot,,0.0053149713,0.09362643,0.06897882,0.030827556,0.97435856,0.0,-0.022035155,0.047757477,0.0025086105,0.928146,0.00049465697,0.0082614785
estop_push_robot/rosbag2_2026_03_18-09_53_03,1773827592.3950393,6.599993705749512,1,estop_push_robot_01,estop_push_robot,estop_push_robot,,0.016600061,0.09291396,0.041838363,0.036699466,0.97435856,0.0,0.1660366,0.19728914,0.002004951,0.9281313,0.0002025163,0.008608397
estop_push_robot/rosbag2_2026_03_18-09_53_03,1773827592.4950392,6.69999361038208,1,estop_push_robot_01,estop_push_robot,estop_push_robot,,0.009516636,0.093661055,0.060278825,0.033849888,0.97435856,0.0,0.090422355,-0.039378986,0.002539903,0.9281246,0.00015322655,0.008241487
estop_push_robot/rosbag2_2026_03_18-09_53_03,1773827592.5950391,6.799993515014648,1,estop_push_robot_01,estop_push_robot,estop_push_robot,,0.0047979145,0.094885886,0.05910852,0.06570056,0.97435856,0.0,-0.0078704925,-0.029131724,0.0040404503,0.92811525,4.242892e-05,0.008129591
estop_push_robot/rosbag2_2026_03_18-09_53_03,1773827592.695039,6.899993419647217,1,estop_push_robot_01,estop_push_robot,estop_push_robot,,0.017725652,0.09446273,0.052024696,0.08551312,0.97435856,0.0,0.061737955,0.25927538,0.003502518,0.9281047,6.247678e-05,0.008516502
estop_push_robot/rosbag2_2026_03_18-09_53_03,1773827592.795039,6.999993324279785,1,estop_push_robot_01,estop_push_robot,estop_push_robot,,0.0101103,0.0943189,0.05018863,0.09835247,0.97435856,0.0,0.10786475,-0.0075394986,0.0035293403,0.92809707,4.026498e-05,0.008390201
estop_push_robot/rosbag2_2026_03_18-09_53_03,1773827592.8950388,7.0999932289123535,1,estop_push_robot_01,estop_push_robot,estop_push_robot,,0.0054849973,0.097711116,0.06840967,0.22353733,0.97435856,0.0,-0.04133935,0.050310664,0.004545599,0.9280867,-3.1237716e-05,0.008127871
estop_push_robot/rosbag2_2026_03_18-09_53_03,1773827592.9950387,7.199993133544922,1,estop_push_robot_01,estop_push_robot,estop_push_robot,,0.020345535,0.09585501,0.059226338,0.20687394,0.97435856,0.0,0.17747317,0.22049677,0.0014625491,0.9280846,-8.072497e-05,0.008680496
estop_push_robot/rosbag2_2026_03_18-09_53_03,1773827593.0950387,7.29999303817749,1,estop_push_robot_01,estop_push_robot,estop_push_robot,,0.12039632,0.07129344,0.22066443,0.4688429,0.0,0.0,0.07692753,-0.054943107,0.0006444753,0.92807263,9.9907316e-05,0.008295046
estop_push_robot/rosbag2_2026_03_18-09_53_03,1773827593.1950386,7.399992942810059,1,estop_push_robot_01,estop_push_robot,estop_push_robot,,0.059542745,0.06792028,0.27731788,0.6497301,0.0,0.0,0.06292947,0.24565612,0.0024639068,0.9280721,0.00013036776,0.008425846
estop_push_robot/rosbag2_2026_03_18-09_53_03,1773827593.2950385,7.499992847442627,1,estop_push_robot_01,estop_push_robot,estop_push_robot,,0.035678424,0.07449353,0.5662376,1.2698902,0.0,0.0,0.18173507,0.1319819,0.0019438568,0.9280634,0.00038780173,0.008693418
estop_push_robot/rosbag2_2026_03_18-09_53_03,1773827593.3950384,7.599992752075195,1,estop_push_robot_01,estop_push_robot,estop_push_robot,,0.010791078,0.068338156,0.52942306,1.2428328,0.0,0.0,0.0056454395,0.01685642,0.001373142,0.9280621,0.0001578442,0.008226741
estop_push_robot/rosbag2_2026_03_18-09_53_03,1773827593.4950383,7.699992656707764,1,estop_push_robot_01,estop_push_robot,estop_push_robot,,0.015878782,0.06669447,0.6175466,1.4005896,0.0,0.0,0.096242994,0.26127216,0.0014685092,0.9280576,-0.0001896881,0.008692782
estop_push_robot/rosbag2_2026_03_18-09_53_03,1773827593.5950382,7.799992561340332,1,estop_push_robot_01,estop_push_robot,estop_push_robot,,0.012219279,0.06667875,0.4973163,1.1255174,0.0,0.0,0.12665431,-0.06547537,0.0016547741,0.92805177,-0.0002638953,0.0083512515
estop_push_robot/rosbag2_2026_03_18-09_53_03,1773827593.695038,7.8999924659729,1,estop_push_robot_01,estop_push_robot,estop_push_robot,,0.006739541,0.0663406,0.27469724,0.55816966,0.0,0.0,-0.048208278,0.13410404,0.003000349,0.92804784,0.0002311974,0.0084612975
estop_push_robot/rosbag2_2026_03_18-09_53_03,1773827593.795038,7.999992370605469,1,estop_push_robot_01,estop_push_robot,estop_push_robot,,0.018753214,0.06638932,0.21142791,0.21585387,0.0,0.0,-0.07517184,0.34839246,-0.0014960767,0.9280453,-0.00014847786,0.0076101655
estop_push_robot/rosbag2_2026_03_18-09_53_03,1773827593.895038,8.099992275238037,1,estop_push_robot_01,estop_push_robot,estop_push_robot,,0.04199099,0.056519166,0.23555113,-0.05361191,0.0,0.0,-0.58687645,0.057651706,-0.006079674,0.9280421,0.0013192642,0.0058403974
estop_push_robot/rosbag2_2026_03_18-09_53_03,1773827593.9950378,8.199992179870605,1,estop_push_robot_01,estop_push_robot,estop_push_robot,,0.0359467,0.038493797,0.18967676,-0.28559875,0.0,0.0,-0.5648942,-0.054939684,0.0011257828,0.92803895,0.0013989954,0.003990636
estop_push_robot/rosbag2_2026_03_18-09_53_03,1773827594.0950377,8.299992084503174,1,estop_push_robot_01,estop_push_robot,estop_push_robot,,0.022342557,0.035850734,0.18470235,-0.32865334,0.0,0.0,-0.3703659,0.122213095,0.0014193357,0.92803574,0.0015732574,0.003072082
estop_push_robot/rosbag2_2026_03_18-09_53_03,1773827594.1950376,8.399991989135742,1,estop_push_robot_01,estop_push_robot,estop_push_robot,,0.024639187,0.033259228,0.17022792,-0.40452752,0.0,0.0,-0.16832392,0.30723727,0.00855252,0.92803174,0.0004359048,0.004072107
estop_push_robot/rosbag2_2026_03_18-09_53_03,1773827594.2950375,8.49999189376831,1,estop_push_robot_01,estop_push_robot,estop_push_robot,,0.012107706,0.026339978,0.1679029,-0.4660772,0.0,0.0,-0.36198115,0.14394352,-0.005897879,0.92803085,-0.0026964408,0.0024667806
estop_push_robot/rosbag2_2026_03_18-09_53_03,1773827594.3950374,8.599991798400879,1,estop_push_robot_01,estop_push_robot,estop_push_robot,,0.008516885,0.026983919,0.14493862,-0.5459402,0.0,0.0,-0.11351386,0.10305895,0.0009499492,0.92802835,-0.00047965386,0.0030362483
estop_push_robot/rosbag2_2026_03_18-09_53_03,1773827594.4950373,8.699991703033447,1,estop_push_robot_01,estop_push_robot,estop_push_robot,,0.0051774792,0.028902723,0.12409446,-0.6040913,0.0,0.0,-0.31808758,-0.05717744,0.013986977,0.92802656,0.000401768,0.0025922754
estop_push_robot/rosbag2_2026_03_18-09_53_03,1773827594.5950372,8.799991607666016,1,estop_push_robot_01,estop_push_robot,estop_push_robot,,0.05361942,0.040840052,0.075983986,-0.6505802,0.0,0.0,0.2578524,0.41358322,0.0004597009,0.9280248,-5.1628318e-05,0.0022221494
estop_push_robot/rosbag2_2026_03_18-09_53_03,1773827594.6950371,8.899991512298584,1,estop_push_robot_01,estop_push_robot,estop_push_robot,,0.042562023,0.047404315,0.068897076,-0.49768838,0.0,0.0,0.15906014,-0.27740955,0.0016428531,0.9280222,-0.0014603455,0.0020937899
estop_push_robot/rosbag2_2026_03_18-09_53_03,1773827594.795037,8.999991416931152,1,estop_push_robot_01,estop_push_robot,estop_push_robot,,0.009257655,0.053443283,0.07515189,-0.3466276,0.0,0.0,-0.15690036,0.09074438,0.0073783104,0.92802083,-0.0017547044,0.0019492275
estop_push_robot/rosbag2_2026_03_18-09_53_03,1773827594.895037,9.09999132156372,1,estop_push_robot_01,estop_push_robot,estop_push_robot,,0.0048508397,0.046203256,0.070276126,-0.4377852,0.0,0.0,-0.2023398,0.09245706,0.0044979155,0.9280191,-0.002126019,0.005202861
estop_push_robot/rosbag2_2026_03_18-09_53_03,1773827594.9950368,9.199991226196289,1,estop_push_robot_01,estop_push_robot,estop_push_robot,,0.024354793,0.042653427,0.07641431,-0.42464802,0.0,0.0,0.1340544,0.39384627,-0.011391939,0.9280179,-0.0011319151,0.004746558
estop_push_robot/rosbag2_2026_03_18-09_53_03,1773827595.0950367,9.299991130828857,1,estop_push_robot_01,estop_push_robot,estop_push_robot,,0.012837804,0.045843773,0.071194805,-0.5434676,0.0,0.0,-0.15083058,-0.27725232,-0.004480779,0.9280166,0.004119135,0.0023677228
estop_push_robot/rosbag2_2026_03_18-09_53_03,1773827595.1950366,9.399991035461426,1,estop_push_robot_01,estop_push_robot,estop_push_robot,,0.0054979622,0.040051498,0.08610401,-0.48865715,0.0,0.0,0.091850474,0.04118394,0.01991913,0.92801535,0.0057842345,0.0010575812
estop_push_robot/rosbag2_2026_03_18-09_53_03,1773827595.2950366,9.499990940093994,1,estop_push_robot_01,estop_push_robot,estop_push_robot,,0.013565416,0.040595047,0.08111552,-0.53345525,0.0,0.0,0.16336697,0.30170375,0.0095151365,0.9280142,-0.00206414,0.007100331
estop_push_robot/rosbag2_2026_03_18-09_53_03,1773827595.3950365,9.599990844726562,1,estop_push_robot_01,estop_push_robot,estop_push_robot,,0.021895023,0.034618855,0.11093539,-0.62947005,0.0,0.0,-0.3868727,0.0366196,-0.0038564207,0.9280121,-0.0038016913,0.0060339705
estop_push_robot/rosbag2_2026_03_18-09_53_03,1773827595.4950364,9.69999074935913,1,estop_push_robot_01,estop_push_robot,estop_push_robot,,0.027873568,0.029624626,0.1380941,-0.5525391,0.0,0.0,-0.034083404,0.45473644,0.016067179,0.9280114,-0.0009017046,0.006994855
estop_push_robot/rosbag2_2026_03_18-09_53_03,1773827595.5950363,9.7999906539917,1,estop_push_robot_01,estop_push_robot,estop_push_robot,,0.05671563,0.037944473,0.10807854,-0.616466,0.0,0.0,0.40370488,-0.22688234,-0.013005734,0.9280112,-0.003998217,0.0061142435
estop_push_robot/rosbag2_2026_03_18-09_53_03,1773827595.6950362,9.899990558624268,1,estop_push_robot_01,estop_push_robot,estop_push_robot,,0.05547941,0.041819703,0.09512658,-0.5195798,0.0,0.0,0.2116441,0.6648301,0.009093434,0.9280087,0.00064000126,0.0042442647
estop_push_robot/rosbag2_2026_03_18-09_53_03,1773827595.795036,9.999990463256836,1,estop_push_robot_01,estop_push_robot,estop_push_robot,,0.015864084,0.040915236,0.10159284,-0.516469,0.0,0.0,0.1471659,-0.19396968,-0.009910762,0.92800957,-0.0016089999,0.0038308897
estop_push_robot/rosbag2_2026_03_18-09_53_03,1773827595.895036,10.099990367889404,1,estop_push_robot_01,estop_push_robot,estop_push_robot,,0.011077414,0.035472378,0.13283773,-0.61726075,0.0,0.0,-0.35647136,-0.02634149,0.009240955,0.9280085,0.0009084031,0.008001576
estop_push_robot/rosbag2_2026_03_18-09_53_03,1773827595.995036,10.199990272521973,1,estop_push_robot_01,estop_push_robot,estop_push_robot,,0.0076640043,0.036866225,0.12418478,-0.60384125,0.0,0.0,0.06016706,-0.14371143,-0.00083148497,0.9280078,-0.0015711308,0.006519791
estop_push_robot/rosbag2_2026_03_18-09_53_03,1773827596.0950358,10.299990177154541,1,estop_push_robot_01,estop_push_robot,estop_push_robot,,0.013051958,0.03513468,0.16249077,-0.49067461,0.0,0.0,0.18240097,0.20622578,0.0074289744,0.928007,-0.00023057252,0.006099891
estop_push_robot/rosbag2_2026_03_18-09_53_03,1773827596.1950357,10.39999008178711,1,estop_push_robot_01,estop_push_robot,estop_push_robot,,0.001527571,0.03560262,0.13768747,-0.5722231,0.0,0.0,-0.06844908,0.024441775,-0.0055044894,0.92800707,-0.00023545692,0.0072160456
estop_push_robot/rosbag2_2026_03_18-09_53_03,1773827596.2950356,10.499989986419678,1,estop_push_robot_01,estop_push_robot,estop_push_robot,,0.006168093,0.035293225,0.14695121,-0.5040388,0.0,0.0,-0.049792953,0.1357715,0.012659282,0.9280065,0.0018784577,0.0063536894
estop_push_robot/rosbag2_2026_03_18-09_53_03,1773827596.3950355,10.599989891052246,1,estop_push_robot_01,estop_push_robot,estop_push_robot,,0.05875858,0.036775813,0.15537871,-0.5099011,0.0,0.0,0.59706837,-0.31514663,-0.01308024,0.92800575,-0.00081451377,0.0047805905
estop_push_robot/rosbag2_2026_03_18-09_53_03,1773827596.4950354,10.699989795684814,1,estop_push_robot_01,estop_push_robot,estop_push_robot,,0.058449753,0.037346262,0.18233433,-0.3758526,0.0,0.0,0.6294515,0.22867958,0.017736109,0.92800546,0.0039253375,0.0092759235
estop_push_robot/rosbag2_2026_03_18-09_53_03,1773827596.5950353,10.799989700317383,1,estop_push_robot_01,estop_push_robot,estop_push_robot,,0.03708586,0.04326825,0.16015056,-0.22623566,0.0,0.0,0.49481001,0.192496,-0.000526011,0.9280051,-0.0025188895,0.014628648
estop_push_robot/rosbag2_2026_03_18-09_53_03,1773827596.6950352,10.899989604949951,1,estop_push_robot_01,estop_push_robot,estop_push_robot,,0.020335346,0.044421747,0.16452836,-0.17555408,0.0,0.0,0.39372045,-0.13138089,0.0016562642,0.9280048,-0.00024833233,0.011381094
estop_push_robot/rosbag2_2026_03_18-09_53_03,1773827596.7950351,10.99998950958252,1,estop_push_robot_01,estop_push_robot,estop_push_robot,,0.0061070607,0.045415014,0.16305682,-0.14942054,0.0,0.0,0.18562637,0.2135884,0.0025443733,0.92800444,0.00064812927,0.011823777
estop_push_robot/rosbag2_2026_03_18-09_53_03,1773827596.895035,11.099989414215088,1,estop_push_robot_01,estop_push_robot,estop_push_robot,,0.013000622,0.039456896,0.16751283,-0.21243463,0.0,0.0,0.10314954,0.2665532,0.0010259451,0.9280042,0.00027008148,0.010779537
estop_push_robot/rosbag2_2026_03_18-09_53_03,1773827596.995035,11.199989318847656,1,estop_push_robot_01,estop_push_robot,estop_push_robot,,0.006726534,0.036448244,0.17771776,-0.3897932,0.0,0.0,-0.15262556,0.05786092,-0.0032827265,0.9280038,0.0005766565,0.008566803
estop_push_robot/rosbag2_2026_03_18-09_53_03,1773827597.0950348,11.299989223480225,1,estop_push_robot_01,estop_push_robot,estop_push_robot,,0.0073922416,0.035378296,0.19979678,-0.3917098,0.0,0.0,-0.12357407,0.10621445,0.0019140542,0.9280035,0.0006341577,0.007838801
estop_push_robot/rosbag2_2026_03_18-09_53_03,1773827597.1950347,11.399989128112793,1,estop_push_robot_01,estop_push_robot,estop_push_robot,,0.00621055,0.03619409,0.1850345,-0.39810818,0.0,0.0,-0.10915254,-0.04069154,-0.0011697413,0.9280032,0.0002595997,0.0066655343
estop_push_robot/rosbag2_2026_03_18-09_53_03,1773827597.2950346,11.499989032745361,1,estop_push_robot_01,estop_push_robot,estop_push_robot,,0.015245097,0.037355803,0.16297041,-0.5193087,0.0,0.0,-0.25850156,0.0069186995,0.0030420723,0.928003,-0.0021357564,0.006097609
estop_push_robot/rosbag2_2026_03_18-09_53_03,1773827597.3950346,11.59998893737793,1,estop_push_robot_01,estop_push_robot,estop_push_robot,,0.004223517,0.03593171,0.16216291,-0.49972028,0.0,0.0,-0.03830625,0.13677466,0.0020436943,0.9280028,-0.0012393366,0.0061327526
estop_push_robot/rosbag2_2026_03_18-09_53_03,1773827597.4950345,11.699988842010498,1,estop_push_robot_01,estop_push_robot,estop_push_robot,,0.005074883,0.041783527,0.11295516,-0.53908324,0.0,0.0,-0.103553824,-0.03726686,0.0014431772,0.92800254,-0.0007260476,0.005414217
estop_push_robot/rosbag2_2026_03_18-09_53_03,1773827597.5950344,11.799988746643066,1,estop_push_robot_01,estop_push_robot,estop_push_robot,,0.007044125,0.043501493,0.12103609,-0.4009847,0.0,0.0,-0.24154228,-0.03612515,0.0020481644,0.92800236,-0.0006012664,0.005092584
estop_push_robot/rosbag2_2026_03_18-09_53_03,1773827597.6950343,11.899988651275635,1,estop_push_robot_01,estop_push_robot,estop_push_robot,,0.010554573,0.04218708,0.1059831,-0.3684544,0.0,0.0,-0.13393292,0.30820164,0.0042654574,0.9280022,-0.00024210554,0.0054235402
estop_push_robot/rosbag2_2026_03_18-09_53_03,1773827597.7950342,11.999988555908203,1,estop_push_robot_01,estop_push_robot,estop_push_robot,,0.0040704226,0.04278586,0.115464516,-0.26728463,0.0,0.0,-0.09270575,-0.101738915,-0.0018700958,0.928002,6.571835e-05,0.0056086085
estop_push_robot/rosbag2_2026_03_18-09_53_03,1773827597.895034,12.099988460540771,1,estop_push_robot_01,estop_push_robot,estop_push_robot,,0.003982825,0.03778756,0.096768886,-0.3246142,0.0,0.0,-0.06902685,-0.0849141,0.0058375313,0.9280019,0.00036621993,0.0060077813
estop_push_robot/rosbag2_2026_03_18-09_53_03,1773827597.995034,12.19998836517334,1,estop_push_robot_01,estop_push_robot,estop_push_robot,,0.011948404,0.03529359,0.08584386,-0.38686615,0.0,0.0,-0.01587547,0.2472151,0.0022388995,0.92800164,5.4063967e-05,0.006237469
estop_push_robot/rosbag2_2026_03_18-09_53_03,1773827598.095034,12.299988269805908,1,estop_push_robot_01,estop_push_robot,estop_push_robot,,0.0016915053,0.035307888,0.08586346,-0.38883102,0.0,0.0,-0.18276672,-0.013309645,0.0023417175,0.9280016,-0.00023467423,0.006046534
estop_push_robot/rosbag2_2026_03_18-09_53_03,1773827598.1950338,12.399988174438477,1,estop_push_robot_01,estop_push_robot,estop_push_robot,,0.010218112,0.03296759,0.08355335,-0.41733274,0.0,0.0,-0.163446,0.2455756,0.0039465725,0.92800146,5.2020823e-05,0.005646427
estop_push_robot/rosbag2_2026_03_18-09_53_03,1773827598.2950337,12.499988079071045,1,estop_push_robot_01,estop_push_robot,estop_push_robot,,0.003964832,0.03181196,0.09860584,-0.37612134,0.0,0.0,-0.023076115,0.07978658,0.0046484177,0.92800134,0.0022765435,0.005929339
estop_push_robot/rosbag2_2026_03_18-09_53_03,1773827598.3950336,12.599987983703613,1,estop_push_robot_01,estop_push_robot,estop_push_robot,,0.10515422,0.039100505,0.24319266,-0.032406688,0.0,0.0,-0.2775838,0.0029641218,0.0015549365,-0.0106485225,0.0011912788,0.005338995
estop_push_robot/rosbag2_2026_03_18-09_53_03,1773827598.4950335,12.699987888336182,1,estop_push_robot_01,estop_push_robot,estop_push_robot,,0.046132132,0.05043176,0.38082185,0.45492336,0.0,0.0,-0.091065034,0.21894528,0.0016368926,-0.0100683,0.00039467856,0.0058731586
estop_push_robot/rosbag2_2026_03_18-09_53_03,1773827598.5950334,12.79998779296875,1,estop_push_robot_01,estop_push_robot,estop_push_robot,,0.018690536,0.062172424,0.48849073,0.83837146,0.0,0.0,-0.09701224,-0.052246124,0.0025607646,-0.009286549,7.961108e-05,0.0054135732
estop_push_robot/rosbag2_2026_03_18-09_53_03,1773827598.6950333,12.899987697601318,1,estop_push_robot_01,estop_push_robot,estop_push_robot,,0.0064070085,0.07265179,0.56534016,1.0756919,0.0,0.0,-0.22577019,0.123036444,0.00048205256,-0.008429472,-7.706867e-06,0.0053619705
estop_push_robot/rosbag2_2026_03_18-09_53_03,1773827598.7950332,12.999987602233887,1,estop_push_robot_01,estop_push_robot,estop_push_robot,,0.008047146,0.073881686,0.59050167,1.1287242,0.0,0.0,-0.14672743,0.24199341,-0.00020116568,-0.007843773,9.021789e-05,0.005591003
estop_push_robot/rosbag2_2026_03_18-09_53_03,1773827598.8950331,13.099987506866455,1,estop_push_robot_01,estop_push_robot,estop_push_robot,,0.0015001383,0.0690049,0.5999124,1.0550104,0.0,0.0,-0.08745334,-0.020843957,-0.00057667494,-0.0073896744,-8.591364e-06,0.005441034
estop_push_robot/rosbag2_2026_03_18-09_53_03,1773827598.995033,13.199987411499023,1,estop_push_robot_01,estop_push_robot,estop_push_robot,,0.0028403222,0.060453903,0.5355489,0.82244694,0.0,0.0,-0.23468053,0.07597747,0.0020243227,-0.006836842,-9.878568e-05,0.0052486993
estop_push_robot/rosbag2_2026_03_18-09_53_03,1773827599.095033,13.299987316131592,1,estop_push_robot_01,estop_push_robot,estop_push_robot,,0.0049866578,0.048606355,0.43034646,0.4363041,0.0,0.0,-0.044255845,0.19091617,-7.450581e-06,-0.006324391,4.7642594e-08,0.00558053
estop_push_robot/rosbag2_2026_03_18-09_53_03,1773827599.1950328,13.39998722076416,1,estop_push_robot_01,estop_push_robot,estop_push_robot,,0.0029934866,0.035146233,0.30315948,-0.08225508,0.0,0.0,-0.13852596,-0.04644903,0.0014029444,-0.005862921,-6.8643356e-05,0.005136472
estop_push_robot/rosbag2_2026_03_18-09_53_03,1773827599.2950327,13.499987125396729,1,estop_push_robot_01,estop_push_robot,estop_push_robot,,0.0033064666,0.012821948,0.038669165,-1.1780741,0.0,0.0,-0.2237522,-0.011998733,0.0010944903,-0.005264788,-0.00021765046,0.0049915733
estop_push_robot/rosbag2_2026_03_18-09_53_03,1773827599.3950326,13.599987030029297,1,estop_push_robot_01,estop_push_robot,estop_push_robot,,0.014640888,0.012968246,0.035914633,-1.1439396,0.0,0.0,-0.052360177,0.112561695,0.0015564264,-0.005008419,-0.0003343277,0.005523369
estop_push_robot/rosbag2_2026_03_18-09_53_03,1773827599.4950325,13.699986934661865,1,estop_push_robot_01,estop_push_robot,estop_push_robot,,0.007082551,0.014280609,0.049702454,-1.0652874,0.0,0.0,-0.21665423,0.011555768,0.0005446375,-0.0043437453,-2.3600785e-05,0.00491071
estop_push_robot/rosbag2_2026_03_18-09_53_03,1773827599.5950325,13.799986839294434,1,estop_push_robot_01,estop_push_robot,estop_push_robot,,0.008277662,0.014845739,0.06938066,-0.99521965,0.0,0.0,-0.14807288,0.23381934,0.002332777,-0.004190781,-6.698223e-06,0.0054393834
estop_push_robot/rosbag2_2026_03_18-09_53_03,1773827599.6950324,13.899986743927002,1,estop_push_robot_01,estop_push_robot,estop_push_robot,,0.0013623931,0.016593263,0.06742339,-0.96873,0.0,0.0,-0.1277491,-0.039221097,0.0011213127,-0.0039752424,-0.00013131328,0.005231358
estop_push_robot/rosbag2_2026_03_18-09_53_03,1773827599.7950323,13.99998664855957,1,estop_push_robot_01,estop_push_robot,estop_push_robot,,0.0017272262,0.016393038,0.052920315,-0.9967703,0.0,0.0,-0.19523504,0.10275096,0.0011689962,-0.0036687832,-7.8334895e-05,0.005277104
estop_push_robot/rosbag2_2026_03_18-09_53_03,1773827599.8950322,14.099986553192139,1,estop_push_robot_01,estop_push_robot,estop_push_robot,,0.13187265,0.034745317,0.2752446,-0.18113278,0.97435856,0.0,-0.030431017,0.14768583,-0.00058263546,-0.0032659248,-0.000101318336,0.0055201505
estop_push_robot/rosbag2_2026_03_18-09_53_03,1773827599.995032,14.199986457824707,1,estop_push_robot_01,estop_push_robot,estop_push_robot,,0.12429096,0.024564957,0.1874556,-0.22989368,0.97435856,0.0,-0.14792365,-0.021003243,0.00040605667,-0.003148965,4.2861753e-05,0.005167734
estop_push_robot/rosbag2_2026_03_18-09_53_03,1773827600.095032,14.299986362457275,1,estop_push_robot_01,estop_push_robot,estop_push_robot,,0.089944184,0.0282201,0.22786516,-0.13357602,0.97435856,0.0,-0.23020427,0.03980722,0.0035263605,-0.002913654,-4.2621206e-05,0.00503383
estop_push_robot/rosbag2_2026_03_18-09_53_03,1773827600.195032,14.399986267089844,1,estop_push_robot_01,estop_push_robot,estop_push_robot,,0.07155768,0.030713921,0.25346878,0.08646558,0.97435856,0.0,-0.12713286,0.22098786,0.004255027,-0.0026980385,-0.00016993334,0.0053473404
estop_push_robot/rosbag2_2026_03_18-09_53_03,1773827600.2950318,14.499986171722412,1,estop_push_robot_01,estop_push_robot,estop_push_robot,,0.039201703,0.030809883,0.30768582,0.2519867,0.97435856,0.0,-0.1258401,0.00269026,0.0007621944,-0.0024778808,-0.00024478586,0.005082209
estop_push_robot/rosbag2_2026_03_18-09_53_03,1773827600.3950317,14.59998607635498,1,estop_push_robot_01,estop_push_robot,estop_push_robot,,0.029350022,0.032293238,0.26679116,0.18143742,0.97435856,0.0,-0.22897078,0.05811482,0.0013612211,-0.00210812,5.7234894e-05,0.0050199856
estop_push_robot/rosbag2_2026_03_18-09_53_03,1773827600.4950316,14.699985980987549,1,estop_push_robot_01,estop_push_robot,estop_push_robot,,0.03387934,0.030168751,0.26327735,0.07248219,0.97435856,0.0,-0.050771132,0.12973191,0.0004909933,-0.0021277,6.9704845e-05,0.0053761224
estop_push_robot/rosbag2_2026_03_18-09_53_03,1773827600.5950315,14.799985885620117,1,estop_push_robot_01,estop_push_robot,estop_push_robot,,0.020218411,0.026297927,0.22867331,-0.12898773,0.97435856,0.0,-0.1297416,-0.014602887,0.0032596292,-0.001962901,-0.00014454621,0.0050350265
estop_push_robot/rosbag2_2026_03_18-09_53_03,1773827600.6950314,14.899985790252686,1,estop_push_robot_01,estop_push_robot,estop_push_robot,,0.009220205,0.03070035,0.1828804,-0.3454524,0.97435856,0.0,-0.13483879,0.1754719,0.0023491676,-0.0018235561,3.5083904e-05,0.0049384166
estop_push_robot/rosbag2_2026_03_18-09_53_03,1773827600.7950313,14.999985694885254,1,estop_push_robot_01,estop_push_robot,estop_push_robot,,0.006785654,0.040061884,0.11562476,-0.54434943,0.97435856,0.0,-0.07608723,0.09773551,0.00081434846,-0.0017048653,0.00014066526,0.005067748
estop_push_robot/rosbag2_2026_03_18-09_53_03,1773827600.8950312,15.099985599517822,1,estop_push_robot_01,estop_push_robot,estop_push_robot,,0.004483127,0.044166874,0.14275363,-0.43676504,0.97435856,0.0,-0.2340498,0.04550769,-0.000320375,-0.0015565364,0.00010052142,0.004696578
estop_push_robot/rosbag2_2026_03_18-09_53_03,1773827600.995031,15.19998550415039,1,estop_push_robot_01,estop_push_robot,estop_push_robot,,0.00576293,0.041711606,0.122877076,-0.5482091,0.97435856,0.0,-0.1302467,0.1947499,0.004484505,-0.0013728053,8.0817714e-05,0.004963096
estop_push_robot/rosbag2_2026_03_18-09_53_03,1773827601.095031,15.299985408782959,1,estop_push_robot_01,estop_push_robot,estop_push_robot,,0.08096772,0.06012655,0.14272639,-0.47111118,0.97435856,0.0,0.6437099,0.18798095,-0.0031411652,0.010758889,3.3739e-05,0.005190949
estop_push_robot/rosbag2_2026_03_18-09_53_03,1773827601.195031,15.399985313415527,1,estop_push_robot_01,estop_push_robot,estop_push_robot,,0.65658015,0.05864141,0.13724746,-0.38894835,0.97435856,0.0,2.1479168,-0.1529817,0.0043503945,0.14327306,0.00043005575,0.007306039
estop_push_robot/rosbag2_2026_03_18-09_53_03,1773827601.2950308,15.499985218048096,1,estop_push_robot_01,estop_push_robot,estop_push_robot,,0.15681228,0.052168466,0.08941158,-0.58709,0.97435856,0.0,1.0144664,0.5385465,-0.0055193915,0.36212894,-0.0006251124,0.012619125
estop_push_robot/rosbag2_2026_03_18-09_53_03,1773827601.3950307,15.599985122680664,1,estop_push_robot_01,estop_push_robot,estop_push_robot,,0.102661915,0.070381835,0.04717002,-0.59140617,0.97435856,0.0,0.92587566,-0.41430566,-0.0072106724,0.48781,0.0023994728,0.01299575
estop_push_robot/rosbag2_2026_03_18-09_53_03,1773827601.4950306,15.699985027313232,1,estop_push_robot_01,estop_push_robot,estop_push_robot,,0.18290366,0.065172546,0.030050213,-0.5000003,0.97435856,0.0,1.5229249,0.31067818,0.0057585537,0.6225708,0.005031521,0.013232845
estop_push_robot/rosbag2_2026_03_18-09_53_03,1773827601.5950305,15.7999849319458,1,estop_push_robot_01,estop_push_robot,estop_push_robot,,0.07747598,0.071500845,0.06495418,-0.30532447,0.97435856,0.0,0.7461262,-0.43978897,-0.015102328,0.8039423,0.0021592202,0.01923175
estop_push_robot/rosbag2_2026_03_18-09_53_03,1773827601.6950305,15.89998483657837,1,estop_push_robot_01,estop_push_robot,estop_push_robot,,0.21974392,0.073147185,0.13869394,-0.14068368,0.97435856,0.0,0.094145805,1.0510044,0.008527188,0.91215414,0.00077793683,0.019211248
estop_push_robot/rosbag2_2026_03_18-09_53_03,1773827601.7950304,15.999984741210938,1,estop_push_robot_01,estop_push_robot,estop_push_robot,,0.04704511,0.07311156,0.20540598,0.005604852,0.97435856,0.0,0.24170764,0.137276,-0.019749997,0.93930674,0.0009313574,0.01565114
estop_push_robot/rosbag2_2026_03_18-09_53_03,1773827601.8950303,16.099984645843506,1,estop_push_robot_01,estop_push_robot,estop_push_robot,,0.04480365,0.0739479,0.3021414,0.23980409,0.97435856,0.0,0.5604777,0.09351209,0.009287149,0.97631043,0.0059382543,0.016817078
estop_push_robot/rosbag2_2026_03_18-09_53_03,1773827601.9950302,16.199984550476074,1,estop_push_robot_01,estop_push_robot,estop_push_robot,,0.22608636,0.07175023,0.37447745,0.21402447,0.97435856,0.0,-0.3418119,0.9723458,-0.019212069,0.9784677,0.004285771,0.018854467
estop_push_robot/rosbag2_2026_03_18-09_53_03,1773827602.09503,16.299984455108643,1,estop_push_robot_01,estop_push_robot,estop_push_robot,,0.084396206,0.074588925,0.38302296,0.21314679,0.97435856,0.0,-0.10070788,-0.40177837,0.017526003,0.99202275,0.010441285,0.01304586
estop_push_robot/rosbag2_2026_03_18-09_53_03,1773827602.19503,16.39998435974121,1,estop_push_robot_01,estop_push_robot,estop_push_robot,,0.080934964,0.07663065,0.22298925,-0.18976252,0.97435856,0.0,-0.27576244,0.5970228,-0.0071123242,0.97827595,0.0040082214,0.01659766
estop_push_robot/rosbag2_2026_03_18-09_53_03,1773827602.2950299,16.49998426437378,1,estop_push_robot_01,estop_push_robot,estop_push_robot,,0.020912271,0.08068395,0.1632014,-0.26069897,0.97435856,0.0,0.04048774,-0.062496174,-0.013670326,0.9766452,0.007330596,0.015791895
estop_push_robot/rosbag2_2026_03_18-09_53_03,1773827602.3950298,16.599984169006348,1,estop_push_robot_01,estop_push_robot,estop_push_robot,,0.061482523,0.08601687,0.12285921,-0.24916802,0.97435856,0.0,0.76051724,-0.13913853,-0.017492473,0.97284514,0.008157553,0.012168563
estop_push_robot/rosbag2_2026_03_18-09_53_03,1773827602.4950297,16.699984073638916,1,estop_push_robot_01,estop_push_robot,estop_push_robot,,0.049920216,0.086395785,0.031198457,-0.37318894,0.97435856,0.0,0.21589646,0.54911846,0.010833889,0.9630566,0.007032945,0.016588934
estop_push_robot/rosbag2_2026_03_18-09_53_03,1773827602.5950296,16.799983978271484,1,estop_push_robot_01,estop_push_robot,estop_push_robot,,0.29549015,0.08919721,0.041352406,-0.41535005,0.97435856,0.0,0.50907964,-1.4139394,-0.01551807,0.9982311,0.0036166369,0.010507541
estop_push_robot/rosbag2_2026_03_18-09_53_03,1773827602.6950295,16.899983882904053,1,estop_push_robot_01,estop_push_robot,estop_push_robot,,0.24026012,0.09102112,0.07765401,-0.26457664,0.97435856,0.0,0.014612819,1.4559652,0.018230826,0.9731615,0.008969246,0.014067733
estop_push_robot/rosbag2_2026_03_18-09_53_03,1773827602.7950294,16.99998378753662,1,estop_push_robot_01,estop_push_robot,estop_push_robot,,0.010667093,0.091310665,0.06114105,-0.30491576,0.97435856,0.0,0.26629144,0.02902743,-0.0080809,0.97875226,-0.0013114436,0.010590104
estop_push_robot/rosbag2_2026_03_18-09_53_03,1773827602.8950293,17.09998369216919,1,estop_push_robot_01,estop_push_robot,estop_push_robot,,0.033657957,0.09278036,0.043739222,-0.36497498,0.97435856,0.0,-0.1292182,-0.403993,0.0105030835,0.97566086,-0.00075551897,0.0063594007
estop_push_robot/rosbag2_2026_03_18-09_53_03,1773827602.9950292,17.199983596801758,1,estop_push_robot_01,estop_push_robot,estop_push_robot,,0.013463597,0.09276825,0.050270017,-0.3172205,0.97435856,0.0,-0.15606332,-0.13808629,-0.009576977,0.97216505,-0.0022109558,0.008816654
estop_push_robot/rosbag2_2026_03_18-09_53_03,1773827603.095029,17.299983501434326,1,estop_push_robot_01,estop_push_robot,estop_push_robot,,0.062826715,0.09290017,0.04125548,-0.3879304,0.97435856,0.0,-0.38181177,-0.060792968,-0.0017479064,0.9831182,-0.0018289213,0.011186858
estop_push_robot/rosbag2_2026_03_18-09_53_03,1773827603.195029,17.399983406066895,0,,,estop_push_robot,,0.021092508,0.09247937,0.04244111,-0.3780139,0.97435856,0.0,-0.19118404,0.3046068,-0.0045016413,0.9771087,-0.0013293942,0.0098045515
estop_push_robot/rosbag2_2026_03_18-09_53_03,1773827603.295029,17.499983310699463,0,,,estop_push_robot,,0.68647546,0.10294111,0.79383296,1.6959994,0.0,1.9487171,-0.5104172,0.10801324,0.006518513,0.97366595,-0.002800531,0.009844553
estop_push_robot/rosbag2_2026_03_18-09_53_03,1773827603.3950288,17.59998321533203,0,,,estop_push_robot,,0.46384153,0.20035058,0.75345254,2.1452854,0.0,1.9487171,-0.4919922,0.46992478,-0.01023561,0.9467286,-0.0037676678,0.0065452023
estop_push_robot/rosbag2_2026_03_18-09_53_03,1773827603.4950287,17.6999831199646,0,,,estop_push_robot,,0.32028207,0.22194523,0.72777617,2.4183247,0.0,1.9487171,0.03779339,-0.21729717,-0.07577092,0.9073247,0.0017648868,0.0051098075
estop_push_robot/rosbag2_2026_03_18-09_53_03,1773827603.5950286,17.799983024597168,0,,,estop_push_robot,,0.2726474,0.2593184,0.67783636,2.7533815,0.0,1.9487171,-0.91315943,-0.13256878,-0.14950638,0.8683506,0.03481158,-0.006807878
estop_push_robot/rosbag2_2026_03_18-09_53_03,1773827603.6950285,17.899982929229736,0,,,estop_push_robot,,0.23895422,0.25474948,0.5474301,2.8380156,0.0,1.9487171,-0.8334531,-0.84254307,-0.239259,0.8221304,0.080553755,-0.010979358
estop_push_robot/rosbag2_2026_03_18-09_53_03,1773827603.7950284,17.999982833862305,0,,,estop_push_robot,,0.23674816,0.2547034,0.43470034,2.847289,0.0,1.9487171,-0.9107561,-1.2728703,-0.2759099,0.7845782,0.14042152,-0.015877306
estop_push_robot/rosbag2_2026_03_18-09_53_03,1773827603.8950284,18.099982738494873,0,,,estop_push_robot,,0.16473319,0.20287968,0.34742427,2.7484984,0.0,1.9487171,-0.5769052,-1.1452187,-0.35585165,0.74387336,0.1924179,-0.021006018
estop_push_robot/rosbag2_2026_03_18-09_53_03,1773827603.9950283,18.19998264312744,0,,,estop_push_robot,,0.12246312,0.18774983,0.38806197,2.6083496,0.0,1.9487171,-1.0464692,-0.8092569,-0.38283616,0.69956774,0.2562841,-0.023042686
estop_push_robot/rosbag2_2026_03_18-09_53_03,1773827604.0950282,18.29998254776001,0,,,estop_push_robot,,0.061148956,0.15929154,1.3211427,2.358968,0.0,1.9487171,-0.67692,-0.02218777,-0.3860146,0.67911804,0.3092612,-0.016146982
estop_push_robot/rosbag2_2026_03_18-09_53_03,1773827604.195028,18.399982452392578,0,,,estop_push_robot,,0.055761963,0.093476094,0.1460879,0.14439988,0.0,1.9487171,-1.0407358,-0.24001682,-0.37962496,0.6236442,0.34465304,-0.01460943
estop_push_robot/rosbag2_2026_03_18-09_53_03,1773827604.295028,18.499982357025146,0,,,estop_push_robot,,0.07269907,0.08745888,0.114027604,7.263e-05,0.0,1.9487171,-0.7958934,0.38316274,-0.35135156,0.5825728,0.35991436,-0.008035006
estop_push_robot/rosbag2_2026_03_18-09_53_03,1773827604.3950279,18.599982261657715,0,,,estop_push_robot,,0.023078263,0.068234146,0.13848557,0.00035774263,0.0,1.9487171,-0.56590724,-0.06530681,-0.3075764,0.5426116,0.355596,-0.007471131
estop_push_robot/rosbag2_2026_03_18-09_53_03,1773827604.4950278,18.699982166290283,0,,,estop_push_robot,,0.46786886,0.064851746,0.43983853,0.37897766,0.0,0.0,-0.706301,0.38140452,-0.28964877,0.50469893,0.34040132,-0.0017047712
estop_push_robot/rosbag2_2026_03_18-09_53_03,1773827604.5950277,18.79998207092285,0,,,estop_push_robot,,0.22652045,0.06358785,0.2352398,7.7005054e-05,0.0,0.0,-0.79580724,-0.22244024,-0.23797156,0.45892632,0.31979993,0.0009817065
estop_push_robot/rosbag2_2026_03_18-09_53_03,1773827604.6950276,18.89998197555542,0,,,estop_push_robot,,0.0998008,0.07250495,0.24771313,-0.06937548,0.0,0.0,-0.48850003,0.18731734,-0.24716559,0.42277247,0.28964883,0.003076629
estop_push_robot/rosbag2_2026_03_18-09_53_03,1773827604.7950275,18.99998188018799,0,,,estop_push_robot,,0.027500022,0.08636651,0.31055653,0.07758298,0.0,0.0,-0.42438182,0.3167255,-0.22055359,0.38483682,0.2707935,0.00706264
estop_push_robot/rosbag2_2026_03_18-09_53_03,1773827604.8950274,19.099981784820557,0,,,estop_push_robot,,0.09538665,0.09793455,0.23016952,0.09428373,0.0,0.0,-0.80934745,-0.4963472,-0.1983181,0.33917788,0.2531622,0.009403889
estop_push_robot/rosbag2_2026_03_18-09_53_03,1773827604.9950273,19.199981689453125,0,,,estop_push_robot,,0.043747276,0.09719266,0.13767189,0.00017291236,0.0,0.0,-0.80359614,0.12489843,-0.17602593,0.29988033,0.2363262,0.007124986
estop_push_robot/rosbag2_2026_03_18-09_53_03,1773827605.0950272,19.299981594085693,0,,,estop_push_robot,,0.06669196,0.084134,0.13233775,4.7669888e-05,0.0,0.0,-0.8671875,0.3141112,-0.15105756,0.2604899,0.20871215,0.014909387
estop_push_robot/rosbag2_2026_03_18-09_53_03,1773827605.195027,19.39998149871826,0,,,estop_push_robot,,0.021006761,0.069420084,0.26609555,0.47199363,0.0,0.0,-0.57541937,0.45124128,-0.11937172,0.21769503,0.18760456,0.013252965
